[
    {
        "name": "create-contracts",
        "max_count": null,
        "applicable_to_plans": [
            "basic_contracts",
            "contract_buddy",
            "contract_lord"
        ],
        "description": "Create and update unlimited contracts.",
        "count_increment_price": null
    },
    {
        "name": "manage-clients",
        "max_count": 10,
        "applicable_to_plans": [
            "basic_contracts"
        ],
        "description": "Manage up to 10 clients at a time.",
        "count_increment_price": 1000
    },
    {
        "name": "manage-clients",
        "max_count": 30,
        "applicable_to_plans": [
            "contract_buddy"
        ],
        "description": "Manage up to 30 clients at a time.",
        "count_increment_price": 1000
    },
    {
        "name": "manage-clients",
        "max_count": 100,
        "applicable_to_plans": [
            "contract_lord"
        ],
        "description": "Manage up to 100 clients at a time.",
        "count_increment_price": 1000
    },
    {
        "name": "manage-deliverables",
        "max_count": null,
        "applicable_to_plans": [
            "contract_buddy",
            "contract_lord"
        ],
        "description": "Pair contract clauses to deliverables and manage them.",
        "count_increment_price": null
    },
    {
        "name": "invoicing",
        "max_count": null,
        "applicable_to_plans": [
            "contract_buddy",
            "contract_lord"
        ],
        "description": "Serve invoice per contract.",
        "count_increment_price": null
    }
]
